年,月,日,最高气温,最低气温
2011,1,1,3,-4
2011,1,2,0,-6
2011,1,3,0,-5
2011,1,4,0,-5
2011,1,5,0,-6
2011,1,6,-1,-6
2011,1,7,1,-5
2011,1,8,0,-6
2011,1,9,1,-4
2011,1,10,1,-5
2011,1,11,1,-4
2011,1,12,4,-4
2011,1,13,2,-5
2011,1,14,3,-6
2011,1,15,1,-6
2011,1,16,3,-6
2011,1,17,0,-5
2011,1,18,0,-5
2011,1,19,0,-4
2011,1,20,2,-4
2011,1,21,4,-4
2011,1,22,2,-5
2011,1,23,3,-5
2011,1,24,4,-5
2011,1,25,2,-5
2011,1,26,2,-3
2011,1,27,0,-4
2011,1,28,0,-5
2011,1,29,3,-6
2011,1,30,3,-5
2011,1,31,4,-5
2011,2,1,5,-4
2011,2,2,9,-3
2011,2,3,10,-2
2011,2,4,11,0
2011,2,5,14,1
2011,2,6,11,2
2011,2,7,13,2
2011,2,8,9,0
2011,2,9,4,-1
2011,2,10,6,0
2011,2,11,6,0
2011,2,12,4,-2
2011,2,13,7,-3
2011,2,14,10,-2
2011,2,15,6,-2
2011,2,16,6,-2
2011,2,17,7,1
2011,2,18,6,1
2011,2,19,8,3
2011,2,20,11,2
2011,2,21,11,3
2011,2,22,11,4
2011,2,23,17,4
2011,2,24,17,4
2011,2,25,8,3
2011,2,26,5,0
2011,2,27,4,0
2011,2,28,5,0
2011,3,1,8,0
2011,3,2,12,1
2011,3,3,10,1
2011,3,4,12,4
2011,3,5,9,3
2011,3,6,13,2
2011,3,7,16,3
2011,3,8,17,4
2011,3,9,13,3
2011,3,10,15,5
2011,3,11,17,5
2011,3,12,19,9
2011,3,13,20,5
2011,3,14,10,1
2011,3,15,12,1
2011,3,16,15,3
2011,3,17,19,6
2011,3,18,15,7
2011,3,19,9,3
2011,3,20,6,3
2011,3,21,7,1
2011,3,22,12,2
2011,3,23,12,2
2011,3,24,11,3
2011,3,25,15,3
2011,3,26,17,4
2011,3,27,17,5
2011,3,28,19,7
2011,3,29,21,9
2011,3,30,22,11
2011,3,31,22,12
2011,4,1,17,7
2011,4,2,13,4
2011,4,3,13,4
2011,4,4,13,5
2011,4,5,14,8
2011,4,6,13,8
2011,4,7,15,7
2011,4,8,19,10
2011,4,9,24,10
2011,4,10,24,9
2011,4,11,20,11
2011,4,12,24,12
2011,4,13,27,15
2011,4,14,28,15
2011,4,15,27,17
2011,4,16,27,15
2011,4,17,26,15
2011,4,18,28,15
2011,4,19,28,15
2011,4,20,22,12
2011,4,21,25,12
2011,4,22,28,13
2011,4,23,30,14
2011,4,24,30,15
2011,4,25,31,17
2011,4,26,31,18
2011,4,27,29,19
2011,4,28,32,18
2011,4,29,33,15
2011,4,30,28,18
2011,5,1,27,9
2011,5,2,22,10
2011,5,3,26,13
2011,5,4,29,15
2011,5,5,30,18
2011,5,6,31,20
2011,5,7,32,22
2011,5,8,31,15
2011,5,9,21,13
2011,5,10,21,11
2011,5,11,26,14
2011,5,12,25,14
2011,5,13,23,13
2011,5,14,25,15
2011,5,15,29,15
2011,5,16,31,19
2011,5,17,35,22
2011,5,18,36,23
2011,5,19,31,21
2011,5,20,24,13
2011,5,21,17,11
2011,5,22,22,11
2011,5,23,24,13
2011,5,24,22,14
2011,5,25,27,15
2011,5,26,29,17
2011,5,27,31,19
2011,5,28,31,17
2011,5,29,25,17
2011,5,30,25,17
2011,5,31,30,19
2011,6,1,32,18
2011,6,2,30,19
2011,6,3,30,19
2011,6,4,29,19
2011,6,5,30,20
2011,6,6,33,21
2011,6,7,37,22
2011,6,8,37,24
2011,6,9,28,18
2011,6,10,33,20
2011,6,11,35,22
2011,6,12,33,22
2011,6,13,33,24
2011,6,14,34,23
2011,6,15,36,24
2011,6,16,35,20
2011,6,17,26,19
2011,6,18,31,21
2011,6,19,28,24
2011,6,20,27,19
2011,6,21,24,19
2011,6,22,25,20
2011,6,23,35,21
2011,6,24,36,23
2011,6,25,34,21
2011,6,26,25,21
2011,6,27,31,20
2011,6,28,35,22
2011,6,29,35,25
2011,6,30,36,27
2011,7,1,35,28
2011,7,2,36,24
2011,7,3,29,23
2011,7,4,27,22
2011,7,5,26,20
2011,7,6,23,19
2011,7,7,30,20
2011,7,8,36,21
2011,7,9,35,22
2011,7,10,33,23
2011,7,11,29,23
2011,7,12,30,24
2011,7,13,32,25
2011,7,14,36,25
2011,7,15,36,24
2011,7,16,36,25
2011,7,17,36,25
2011,7,18,35,24
2011,7,19,35,25
2011,7,20,34,25
2011,7,21,33,22
2011,7,22,29,22
2011,7,23,29,25
2011,7,24,36,27
2011,7,25,38,27
2011,7,26,36,26
2011,7,27,36,25
2011,7,28,35,22
2011,7,29,29,21
2011,7,30,32,22
2011,7,31,34,22
2011,8,1,23,18
2011,8,2,28,20
2011,8,3,29,21
2011,8,4,24,19
2011,8,5,26,19
2011,8,6,30,21
2011,8,7,33,21
2011,8,8,35,24
2011,8,9,35,24
2011,8,10,34,24
2011,8,11,34,24
2011,8,12,34,25
2011,8,13,34,26
2011,8,14,36,27
2011,8,15,36,27
2011,8,16,33,23
2011,8,17,30,25
2011,8,18,31,24
2011,8,19,27,19
2011,8,20,23,17
2011,8,21,21,17
2011,8,22,26,18
2011,8,23,26,19
2011,8,24,29,21
2011,8,25,28,21
2011,8,26,30,20
2011,8,27,30,21
2011,8,28,30,22
2011,8,29,31,22
2011,8,30,32,23
2011,8,31,32,23
2011,9,1,32,23
2011,9,2,30,23
2011,9,3,30,20
2011,9,4,26,17
2011,9,5,21,16
2011,9,6,18,15
2011,9,7,20,15
2011,9,8,26,17
2011,9,9,26,18
2011,9,10,22,15
2011,9,11,18,16
2011,9,12,21,16
2011,9,13,19,17
2011,9,14,23,18
2011,9,15,24,18
2011,9,16,22,15
2011,9,17,17,13
2011,9,18,16,9
2011,9,19,14,10
2011,9,20,17,12
2011,9,21,22,13
2011,9,22,24,14
2011,9,23,24,14
2011,9,24,25,15
2011,9,25,23,17
2011,9,26,23,15
2011,9,27,19,13
2011,9,28,18,12
2011,9,29,22,14
2011,9,30,24,15
2011,10,1,23,16
2011,10,2,22,14
2011,10,3,17,13
2011,10,4,19,12
2011,10,5,24,13
2011,10,6,25,13
2011,10,7,23,14
2011,10,8,23,16
2011,10,9,21,16
2011,10,10,22,15
2011,10,11,18,13
2011,10,12,18,13
2011,10,13,21,11
2011,10,14,23,9
2011,10,15,22,10
2011,10,16,23,11
2011,10,17,24,11
2011,10,18,22,12
2011,10,19,20,13
2011,10,20,20,13
2011,10,21,21,13
2011,10,22,17,12
2011,10,23,16,10
2011,10,24,17,10
2011,10,25,15,9
2011,10,26,14,10
2011,10,27,15,9
2011,10,28,17,9
2011,10,29,18,9
2011,10,30,18,10
2011,10,31,16,10
2011,11,1,16,11
2011,11,2,15,12
2011,11,3,16,12
2011,11,4,15,11
2011,11,5,15,11
2011,11,6,14,11
2011,11,7,14,8
2011,11,8,15,7
2011,11,9,17,6
2011,11,10,16,7
2011,11,11,16,8
2011,11,12,13,8
2011,11,13,15,7
2011,11,14,14,7
2011,11,15,11,8
2011,11,16,11,9
2011,11,17,11,9
2011,11,18,13,5
2011,11,19,14,5
2011,11,20,14,7
2011,11,21,13,5
2011,11,22,13,3
2011,11,23,13,4
2011,11,24,11,4
2011,11,25,12,4
2011,11,26,11,7
2011,11,27,11,6
2011,11,28,9,6
2011,11,29,9,3
2011,11,30,7,1
2011,12,1,8,1
2011,12,2,8,1
2011,12,3,7,2
2011,12,4,5,3
2011,12,5,5,2
2011,12,6,5,1
2011,12,7,5,1
2011,12,8,8,-1
2011,12,9,6,-3
2011,12,10,5,-2
2011,12,11,7,-2
2011,12,12,6,-3
2011,12,13,7,-2
2011,12,14,6,-1
2011,12,15,6,-3
2011,12,16,5,-2
2011,12,17,4,-2
2011,12,18,5,-2
2011,12,19,5,-1
2011,12,20,5,-2
2011,12,21,4,-2
2011,12,22,4,-3
2011,12,23,5,-3
2011,12,24,7,-2
2011,12,25,8,-2
2011,12,26,6,-1
2011,12,27,6,-2
2011,12,28,6,-1
2011,12,29,5,-2
2011,12,30,5,-2
2011,12,31,6,-2
2012,1,1,6,-2
2012,1,2,4,-4
2012,1,3,3,-4
2012,1,4,3,-3
2012,1,5,3,-3
2012,1,6,3,-4
2012,1,7,3,-2
2012,1,8,3,-3
2012,1,9,5,-3
2012,1,10,4,-4
2012,1,11,4,-3
2012,1,12,5,-2
2012,1,13,4,-2
2012,1,14,4,-1
2012,1,15,6,-2
2012,1,16,5,-1
2012,1,17,4,-1
2012,1,18,3,-2
2012,1,19,1,-1
2012,1,20,3,-1
2012,1,21,1,-4
2012,1,22,1,-6
2012,1,23,0,-7
2012,1,24,-1,-7
2012,1,25,2,-6
2012,1,26,3,-5
2012,1,27,3,-4
2012,1,28,3,-2
2012,1,29,4,-2
2012,1,30,7,-2
2012,1,31,8,-2
2012,2,1,5,-3
2012,2,2,4,-3
2012,2,3,7,-2
2012,2,4,7,-2
2012,2,5,8,-4
2012,2,6,4,-6
2012,2,7,2,-7
2012,2,8,4,-4
2012,2,9,3,-3
2012,2,10,4,-3
2012,2,11,6,-2
2012,2,12,5,-1
2012,2,13,8,0
2012,2,14,7,1
2012,2,15,6,0
2012,2,16,5,-2
2012,2,17,5,-2
2012,2,18,6,-1
2012,2,19,10,0
2012,2,20,10,0
2012,2,21,12,2
2012,2,22,8,3
2012,2,23,8,1
2012,2,24,7,2
2012,2,25,8,1
2012,2,26,7,1
2012,2,27,7,0
2012,2,28,9,1
2012,2,29,7,2
2012,3,1,7,1
2012,3,2,5,2
2012,3,3,7,1
2012,3,4,10,1
2012,3,5,8,2
2012,3,6,9,2
2012,3,7,9,3
2012,3,8,8,2
2012,3,9,10,2
2012,3,10,12,2
2012,3,11,11,4
2012,3,12,15,3
2012,3,13,14,3
2012,3,14,14,5
2012,3,15,12,5
2012,3,16,16,7
2012,3,17,20,7
2012,3,18,18,7
2012,3,19,15,3
2012,3,20,13,4
2012,3,21,9,2
2012,3,22,12,2
2012,3,23,13,4
2012,3,24,19,4
2012,3,25,21,6
2012,3,26,23,7
2012,3,27,23,10
2012,3,28,17,7
2012,3,29,15,6
2012,3,30,16,5
2012,3,31,22,8
2012,4,1,25,9
2012,4,2,18,7
2012,4,3,21,10
2012,4,4,24,11
2012,4,5,24,10
2012,4,6,22,11
2012,4,7,23,12
2012,4,8,24,14
2012,4,9,22,14
2012,4,10,26,14
2012,4,11,24,13
2012,4,12,18,4
2012,4,13,21,10
2012,4,14,24,11
2012,4,15,25,12
2012,4,16,25,13
2012,4,17,22,14
2012,4,18,25,13
2012,4,19,25,14
2012,4,20,23,13
2012,4,21,28,15
2012,4,22,30,16
2012,4,23,27,12
2012,4,24,22,11
2012,4,25,23,11
2012,4,26,27,13
2012,4,27,29,16
2012,4,28,30,17
2012,4,29,28,17
2012,4,30,27,16
2012,5,1,21,15
2012,5,2,24,16
2012,5,3,21,16
2012,5,4,25,17
2012,5,5,30,19
2012,5,6,29,19
2012,5,7,27,18
2012,5,8,29,19
2012,5,9,30,20
2012,5,10,30,20
2012,5,11,24,16
2012,5,12,24,14
2012,5,13,24,14
2012,5,14,28,16
2012,5,15,31,17
2012,5,16,31,18
2012,5,17,31,17
2012,5,18,29,18
2012,5,19,33,20
2012,5,20,32,22
2012,5,21,28,15
2012,5,22,23,14
2012,5,23,25,15
2012,5,24,25,16
2012,5,25,29,16
2012,5,26,31,17
2012,5,27,32,18
2012,5,28,25,16
2012,5,29,27,15
2012,5,30,31,19
2012,5,31,28,19
2012,6,1,30,19
2012,6,2,32,20
2012,6,3,31,21
2012,6,4,32,22
2012,6,5,29,21
2012,6,6,31,21
2012,6,7,33,21
2012,6,8,34,23
2012,6,9,35,23
2012,6,10,36,22
2012,6,11,34,21
2012,6,12,36,22
2012,6,13,37,23
2012,6,14,34,20
2012,6,15,32,20
2012,6,16,34,21
2012,6,17,34,23
2012,6,18,34,22
2012,6,19,36,23
2012,6,20,34,23
2012,6,21,36,25
2012,6,22,37,25
2012,6,23,37,25
2012,6,24,35,24
2012,6,25,30,22
2012,6,26,27,22
2012,6,27,27,23
2012,6,28,30,22
2012,6,29,26,21
2012,6,30,30,21
2012,7,1,32,22
2012,7,2,27,21
2012,7,3,31,23
2012,7,4,31,23
2012,7,5,32,23
2012,7,6,34,24
2012,7,7,31,23
2012,7,8,27,23
2012,7,9,27,22
2012,7,10,31,23
2012,7,11,37,25
2012,7,12,35,24
2012,7,13,36,25
2012,7,14,35,23
2012,7,15,34,23
2012,7,16,30,23
2012,7,17,32,23
2012,7,18,31,25
2012,7,19,33,24
2012,7,20,32,25
2012,7,21,29,22
2012,7,22,32,22
2012,7,23,32,23
2012,7,24,31,23
2012,7,25,34,24
2012,7,26,33,25
2012,7,27,36,26
2012,7,28,37,27
2012,7,29,37,27
2012,7,30,36,25
2012,7,31,34,23
2012,8,1,30,23
2012,8,2,32,24
2012,8,3,33,24
2012,8,4,33,24
2012,8,5,30,24
2012,8,6,32,24
2012,8,7,33,24
2012,8,8,35,25
2012,8,9,34,25
2012,8,10,34,25
2012,8,11,35,25
2012,8,12,34,26
2012,8,13,30,24
2012,8,14,29,21
2012,8,15,32,21
2012,8,16,31,23
2012,8,17,31,22
2012,8,18,26,22
2012,8,19,26,20
2012,8,20,27,20
2012,8,21,28,20
2012,8,22,30,20
2012,8,23,31,20
2012,8,24,30,20
2012,8,25,30,21
2012,8,26,30,21
2012,8,27,31,22
2012,8,28,33,21
2012,8,29,33,22
2012,8,30,33,22
2012,8,31,25,18
2012,9,1,19,16
2012,9,2,25,18
2012,9,3,31,17
2012,9,4,32,18
2012,9,5,30,21
2012,9,6,28,20
2012,9,7,27,19
2012,9,8,22,18
2012,9,9,26,19
2012,9,10,22,17
2012,9,11,24,15
2012,9,12,24,14
2012,9,13,24,14
2012,9,14,27,13
2012,9,15,26,17
2012,9,16,23,15
2012,9,17,25,15
2012,9,18,27,16
2012,9,19,29,17
2012,9,20,26,16
2012,9,21,26,15
2012,9,22,28,16
2012,9,23,26,17
2012,9,24,26,17
2012,9,25,22,16
2012,9,26,22,16
2012,9,27,25,13
2012,9,28,24,11
2012,9,29,24,12
2012,9,30,25,13
2012,10,1,25,14
2012,10,2,25,15
2012,10,3,23,14
2012,10,4,23,15
2012,10,5,23,14
2012,10,6,23,15
2012,10,7,20,14
2012,10,8,19,14
2012,10,9,23,12
2012,10,10,24,13
2012,10,11,23,14
2012,10,12,21,13
2012,10,13,24,14
2012,10,14,23,14
2012,10,15,19,12
2012,10,16,19,8
2012,10,17,19,9
2012,10,18,20,10
2012,10,19,21,12
2012,10,20,21,11
2012,10,21,17,9
2012,10,22,19,8
2012,10,23,18,7
2012,10,24,17,8
2012,10,25,18,9
2012,10,26,18,9
2012,10,27,19,10
2012,10,28,17,10
2012,10,29,18,8
2012,10,30,18,7
2012,10,31,18,6
2012,11,1,19,6
2012,11,2,15,6
2012,11,3,13,2
2012,11,4,13,2
2012,11,5,14,2
2012,11,6,15,4
2012,11,7,13,3
2012,11,8,13,5
2012,11,9,12,6
2012,11,10,11,1
2012,11,11,13,1
2012,11,12,14,2
2012,11,13,14,3
2012,11,14,13,4
2012,11,15,10,2
2012,11,16,13,2
2012,11,17,16,3
2012,11,18,13,4
2012,11,19,13,5
2012,11,20,11,6
2012,11,21,12,6
2012,11,22,11,2
2012,11,23,11,2
2012,11,24,11,3
2012,11,25,9,0
2012,11,26,10,0
2012,11,27,11,-1
2012,11,28,9,-1
2012,11,29,9,-1
2012,11,30,6,0
2012,12,1,5,-2
2012,12,2,10,-2
2012,12,3,8,0
2012,12,4,11,-1
2012,12,5,9,0
2012,12,6,12,0
2012,12,7,11,-1
2012,12,8,9,-2
2012,12,9,7,-1
2012,12,10,10,-2
2012,12,11,7,-1
2012,12,12,4,-1
2012,12,13,4,-1
2012,12,14,6,0
2012,12,15,5,0
2012,12,16,4,-1
2012,12,17,5,0
2012,12,18,6,-2
2012,12,19,4,-1
2012,12,20,3,-2
2012,12,21,4,-3
2012,12,22,4,-5
2012,12,23,2,-7
2012,12,24,2,-5
2012,12,25,1,-5
2012,12,26,3,-4
2012,12,27,2,-5
2012,12,28,1,-4
2012,12,29,2,-7
2012,12,30,3,-6
2012,12,31,7,-6
2013,1,1,5,-5
2013,1,2,2,-5
2013,1,3,0,-7
2013,1,4,2,-6
2013,1,5,2,-6
2013,1,6,2,-6
2013,1,7,4,-4
2013,1,8,4,-5
2013,1,9,4,-5
2013,1,10,5,-5
2013,1,11,7,-4
2013,1,12,8,-2
2013,1,13,7,-4
2013,1,14,7,-4
2013,1,15,7,-2
2013,1,16,10,-3
2013,1,17,8,-3
2013,1,18,6,-2
2013,1,19,5,-1
2013,1,20,3,-2
2013,1,21,6,-3
2013,1,22,10,-2
2013,1,23,10,-2
2013,1,24,10,-1
2013,1,25,12,-2
2013,1,26,13,-1
2013,1,27,14,-1
2013,1,28,13,0
2013,1,29,11,2
2013,1,30,11,2
2013,1,31,11,1
2013,2,1,10,1
2013,2,2,8,2
2013,2,3,9,1
2013,2,4,9,1
2013,2,5,10,0
2013,2,6,8,0
2013,2,7,4,-1
2013,2,8,4,-2
2013,2,9,8,-1
2013,2,10,8,0
2013,2,11,5,-2
2013,2,12,7,-2
2013,2,13,10,0
2013,2,14,9,-2
2013,2,15,10,1
2013,2,16,10,2
2013,2,17,8,1
2013,2,18,4,-1
2013,2,19,7,0
2013,2,20,8,0
2013,2,21,10,1
2013,2,22,13,1
2013,2,23,15,4
2013,2,24,15,5
2013,2,25,13,5
2013,2,26,13,5
2013,2,27,15,6
2013,2,28,14,2
2013,3,1,8,2
2013,3,2,12,1
2013,3,3,16,3
2013,3,4,20,4
2013,3,5,21,6
2013,3,6,21,4
2013,3,7,25,9
2013,3,8,27,14
2013,3,9,22,9
2013,3,10,19,8
2013,3,11,17,6
2013,3,12,16,7
2013,3,13,19,7
2013,3,14,16,7
2013,3,15,18,7
2013,3,16,13,9
2013,3,17,21,8
2013,3,18,26,10
2013,3,19,27,10
2013,3,20,24,10
2013,3,21,22,8
2013,3,22,21,10
2013,3,23,25,9
2013,3,24,20,10
2013,3,25,17,7
2013,3,26,20,6
2013,3,27,26,8
2013,3,28,24,11
2013,3,29,23,10
2013,3,30,24,11
2013,3,31,24,11
2013,4,1,21,9
2013,4,2,19,10
2013,4,3,22,10
2013,4,4,18,9
2013,4,5,15,5
2013,4,6,18,4
2013,4,7,24,8
2013,4,8,22,6
2013,4,9,19,5
2013,4,10,20,8
2013,4,11,23,9
2013,4,12,27,11
2013,4,13,29,14
2013,4,14,31,16
2013,4,15,32,17
2013,4,16,33,19
2013,4,17,33,18
2013,4,18,24,12
2013,4,19,14,6
2013,4,20,19,8
2013,4,21,18,9
2013,4,22,15,9
2013,4,23,26,11
2013,4,24,27,14
2013,4,25,29,13
2013,4,26,31,14
2013,4,27,31,18
2013,4,28,32,15
2013,4,29,24,13
2013,4,30,24,14
2013,5,1,26,15
2013,5,2,27,17
2013,5,3,32,18
2013,5,4,28,18
2013,5,5,23,17
2013,5,6,21,17
2013,5,7,24,17
2013,5,8,22,15
2013,5,9,25,13
2013,5,10,28,14
2013,5,11,33,16
2013,5,12,35,19
2013,5,13,35,20
2013,5,14,34,23
2013,5,15,28,20
2013,5,16,26,16
2013,5,17,22,16
2013,5,18,29,16
2013,5,19,32,17
2013,5,20,33,19
2013,5,21,36,21
2013,5,22,34,22
2013,5,23,33,20
2013,5,24,28,18
2013,5,25,24,17
2013,5,26,28,18
2013,5,27,30,18
2013,5,28,25,16
2013,5,29,24,14
2013,5,30,20,15
2013,5,31,27,16
2013,6,1,32,18
2013,6,2,35,19
2013,6,3,35,20
2013,6,4,34,20
2013,6,5,35,24
2013,6,6,34,20
2013,6,7,36,21
2013,6,8,30,20
2013,6,9,29,16
2013,6,10,31,16
2013,6,11,32,17
2013,6,12,33,17
2013,6,13,34,22
2013,6,14,34,23
2013,6,15,34,24
2013,6,16,36,25
2013,6,17,37,26
2013,6,18,37,28
2013,6,19,35,26
2013,6,20,30,23
2013,6,21,27,22
2013,6,22,26,22
2013,6,23,31,22
2013,6,24,29,21
2013,6,25,34,23
2013,6,26,36,24
2013,6,27,37,24
2013,6,28,37,25
2013,6,29,38,27
2013,6,30,37,28
2013,7,1,35,26
2013,7,2,33,25
2013,7,3,34,24
2013,7,4,32,23
2013,7,5,36,24
2013,7,6,36,25
2013,7,7,37,27
2013,7,8,34,25
2013,7,9,28,23
2013,7,10,30,24
2013,7,11,33,25
2013,7,12,34,26
2013,7,13,33,25
2013,7,14,32,25
2013,7,15,30,24
2013,7,16,33,23
2013,7,17,27,23
2013,7,18,24,22
2013,7,19,31,24
2013,7,20,32,24
2013,7,21,32,24
2013,7,22,26,22
2013,7,23,32,23
2013,7,24,32,24
2013,7,25,35,26
2013,7,26,36,26
2013,7,27,33,25
2013,7,28,32,23
2013,7,29,30,22
2013,7,30,34,25
2013,7,31,33,25
2013,8,1,30,24
2013,8,2,35,25
2013,8,3,36,26
2013,8,4,37,26
2013,8,5,36,24
2013,8,6,31,22
2013,8,7,28,22
2013,8,8,32,23
2013,8,9,35,25
2013,8,10,33,25
2013,8,11,33,25
2013,8,12,34,24
2013,8,13,35,25
2013,8,14,36,26
2013,8,15,37,27
2013,8,16,37,27
2013,8,17,38,26
2013,8,18,35,25
2013,8,19,36,24
2013,8,20,33,23
2013,8,21,33,24
2013,8,22,34,25
2013,8,23,32,24
2013,8,24,31,23
2013,8,25,32,23
2013,8,26,35,25
2013,8,27,31,24
2013,8,28,25,20
2013,8,29,31,19
2013,8,30,31,19
2013,8,31,29,20
2013,9,1,29,20
2013,9,2,31,19
2013,9,3,28,19
2013,9,4,25,18
2013,9,5,26,19
2013,9,6,28,19
2013,9,7,26,18
2013,9,8,21,17
2013,9,9,27,17
2013,9,10,30,19
2013,9,11,29,20
2013,9,12,32,19
2013,9,13,35,19
2013,9,14,34,20
2013,9,15,33,21
2013,9,16,32,22
2013,9,17,33,23
2013,9,18,29,21
2013,9,19,24,18
2013,9,20,25,20
2013,9,21,25,18
2013,9,22,25,19
2013,9,23,20,13
2013,9,24,23,12
2013,9,25,22,14
2013,9,26,21,14
2013,9,27,25,13
2013,9,28,31,16
2013,9,29,31,16
2013,9,30,27,18
2013,10,1,27,15
2013,10,2,28,15
2013,10,3,27,15
2013,10,4,28,15
2013,10,5,27,16
2013,10,6,27,17
2013,10,7,28,16
2013,10,8,28,15
2013,10,9,30,17
2013,10,10,30,16
2013,10,11,31,17
2013,10,12,31,17
2013,10,13,27,13
2013,10,14,18,9
2013,10,15,18,11
2013,10,16,17,9
2013,10,17,21,11
2013,10,18,20,10
2013,10,19,20,9
2013,10,20,18,10
2013,10,21,19,10
2013,10,22,22,9
2013,10,23,23,9
2013,10,24,23,9
2013,10,25,20,8
2013,10,26,18,8
2013,10,27,19,10
2013,10,28,22,10
2013,10,29,15,10
2013,10,30,13,10
2013,10,31,13,9
2013,11,1,14,8
2013,11,2,16,7
2013,11,3,17,8
2013,11,4,16,9
2013,11,5,16,7
2013,11,6,18,7
2013,11,7,16,9
2013,11,8,14,9
2013,11,9,11,7
2013,11,10,11,6
2013,11,11,11,6
2013,11,12,12,6
2013,11,13,12,6
2013,11,14,13,5
2013,11,15,15,3
2013,11,16,16,3
2013,11,17,15,2
2013,11,18,14,1
2013,11,19,15,2
2013,11,20,15,2
2013,11,21,13,4
2013,11,22,10,4
2013,11,23,8,2
2013,11,24,12,1
2013,11,25,13,0
2013,11,26,12,0
2013,11,27,10,-1
2013,11,28,9,-2
2013,11,29,10,0
2013,11,30,12,1
2013,12,1,14,0
2013,12,2,12,0
2013,12,3,13,1
2013,12,4,11,1
2013,12,5,13,0
2013,12,6,10,0
2013,12,7,12,1
2013,12,8,10,1
2013,12,9,8,-2
2013,12,10,9,-2
2013,12,11,7,-2
2013,12,12,10,-2
2013,12,13,9,-1
2013,12,14,9,-1
2013,12,15,10,0
2013,12,16,10,-2
2013,12,17,9,-2
2013,12,18,6,-2
2013,12,19,5,-2
2013,12,20,4,-1
2013,12,21,6,-2
2013,12,22,5,-2
2013,12,23,5,-2
2013,12,24,3,-2
2013,12,25,4,-2
2013,12,26,4,-4
2013,12,27,3,-6
2013,12,28,4,-4
2013,12,29,6,-4
2013,12,30,8,-2
2013,12,31,13,-1
2014,1,1,9,-1
2014,1,2,8,-1
2014,1,3,10,-2
2014,1,4,12,-2
2014,1,5,7,-1
2014,1,6,5,0
2014,1,7,5,-1
2014,1,8,6,-2
2014,1,9,7,-2
2014,1,10,4,-2
2014,1,11,6,-2
2014,1,12,7,-3
2014,1,13,8,-3
2014,1,14,5,-4
2014,1,15,4,-2
2014,1,16,5,-3
2014,1,17,8,-3
2014,1,18,6,-2
2014,1,19,9,-2
2014,1,20,7,-3
2014,1,21,10,-4
2014,1,22,8,-2
2014,1,23,9,0
2014,1,24,10,0
2014,1,25,10,-1
2014,1,26,9,0
2014,1,27,11,-1
2014,1,28,10,1
2014,1,29,12,0
2014,1,30,15,2
2014,1,31,13,1
2014,2,1,14,1
2014,2,2,14,1
2014,2,3,12,1
2014,2,4,3,-1
2014,2,5,2,-3
2014,2,6,0,-4
2014,2,7,2,-4
2014,2,8,2,-3
2014,2,9,2,-3
2014,2,10,2,-4
2014,2,11,2,-4
2014,2,12,1,-3
2014,2,13,4,-4
2014,2,14,5,-2
2014,2,15,5,-1
2014,2,16,1,-1
2014,2,17,2,-1
2014,2,18,6,-2
2014,2,19,9,-2
2014,2,20,9,-1
2014,2,21,9,0
2014,2,22,9,1
2014,2,23,10,2
2014,2,24,11,4
2014,2,25,11,3
2014,2,26,11,4
2014,2,27,10,4
2014,2,28,7,3
2014,3,1,11,2
2014,3,2,11,2
2014,3,3,9,3
2014,3,4,13,4
2014,3,5,9,4
2014,3,6,10,2
2014,3,7,7,2
2014,3,8,14,2
2014,3,9,17,3
2014,3,10,17,6
2014,3,11,17,6
2014,3,12,16,5
2014,3,13,16,3
2014,3,14,19,4
2014,3,15,23,6
2014,3,16,24,9
2014,3,17,23,11
2014,3,18,16,10
2014,3,19,18,7
2014,3,20,18,3
2014,3,21,17,5
2014,3,22,19,8
2014,3,23,19,8
2014,3,24,21,10
2014,3,25,25,10
2014,3,26,27,13
2014,3,27,19,14
2014,3,28,23,11
2014,3,29,22,12
2014,3,30,16,12
2014,3,31,17,10
2014,4,1,22,10
2014,4,2,23,12
2014,4,3,21,11
2014,4,4,21,10
2014,4,5,23,12
2014,4,6,21,10
2014,4,7,22,11
2014,4,8,26,12
2014,4,9,26,15
2014,4,10,22,14
2014,4,11,15,11
2014,4,12,19,11
2014,4,13,22,13
2014,4,14,23,13
2014,4,15,19,14
2014,4,16,18,13
2014,4,17,20,13
2014,4,18,16,13
2014,4,19,17,12
2014,4,20,18,13
2014,4,21,16,12
2014,4,22,22,11
2014,4,23,22,12
2014,4,24,21,13
2014,4,25,15,7
2014,4,26,18,9
2014,4,27,22,12
2014,4,28,23,13
2014,4,29,28,14
2014,4,30,31,15
2014,5,1,23,11
2014,5,2,24,12
2014,5,3,21,12
2014,5,4,24,12
2014,5,5,23,13
2014,5,6,28,16
2014,5,7,31,17
2014,5,8,32,20
2014,5,9,26,14
2014,5,10,15,10
2014,5,11,26,12
2014,5,12,25,16
2014,5,13,23,13
2014,5,14,24,13
2014,5,15,25,14
2014,5,16,27,16
2014,5,17,25,17
2014,5,18,25,17
2014,5,19,28,16
2014,5,20,32,17
2014,5,21,32,20
2014,5,22,30,23
2014,5,23,24,20
2014,5,24,26,18
2014,5,25,25,17
2014,5,26,30,17
2014,5,27,34,18
2014,5,28,32,20
2014,5,29,33,21
2014,5,30,30,22
2014,5,31,27,20
2014,6,1,30,21
2014,6,2,33,22
2014,6,3,30,21
2014,6,4,30,20
2014,6,5,31,21
2014,6,6,32,20
2014,6,7,32,20
2014,6,8,33,20
2014,6,9,33,22
2014,6,10,35,20
2014,6,11,36,22
2014,6,12,31,22
2014,6,13,25,20
2014,6,14,24,19
2014,6,15,29,20
2014,6,16,34,22
2014,6,17,37,23
2014,6,18,37,23
2014,6,19,27,19
2014,6,20,29,20
2014,6,21,32,21
2014,6,22,35,23
2014,6,23,35,24
2014,6,24,30,21
2014,6,25,29,21
2014,6,26,32,22
2014,6,27,36,24
2014,6,28,28,22
2014,6,29,32,21
2014,6,30,34,23
2014,7,1,33,22
2014,7,2,36,24
2014,7,3,30,23
2014,7,4,33,22
2014,7,5,36,24
2014,7,6,35,25
2014,7,7,36,27
2014,7,8,37,24
2014,7,9,26,21
2014,7,10,27,20
2014,7,11,32,22
2014,7,12,34,22
2014,7,13,35,23
2014,7,14,36,22
2014,7,15,35,24
2014,7,16,38,25
2014,7,17,37,25
2014,7,18,37,23
2014,7,19,36,26
2014,7,20,37,26
2014,7,21,38,28
2014,7,22,39,26
2014,7,23,28,22
2014,7,24,33,22
2014,7,25,33,22
2014,7,26,35,23
2014,7,27,36,25
2014,7,28,36,26
2014,7,29,35,26
2014,7,30,38,26
2014,7,31,38,26
2014,8,1,36,25
2014,8,2,37,26
2014,8,3,37,26
2014,8,4,36,26
2014,8,5,34,25
2014,8,6,25,20
2014,8,7,22,18
2014,8,8,19,18
2014,8,9,22,19
2014,8,10,27,21
2014,8,11,30,22
2014,8,12,26,18
2014,8,13,29,19
2014,8,14,31,19
2014,8,15,32,18
2014,8,16,26,20
2014,8,17,25,20
2014,8,18,27,19
2014,8,19,31,20
2014,8,20,31,21
2014,8,21,31,22
2014,8,22,30,21
2014,8,23,28,20
2014,8,24,30,19
2014,8,25,32,19
2014,8,26,30,19
2014,8,27,31,20
2014,8,28,32,21
2014,8,29,32,20
2014,8,30,24,20
2014,8,31,24,18
2014,9,1,22,18
2014,9,2,30,18
2014,9,3,30,18
2014,9,4,30,18
2014,9,5,30,20
2014,9,6,29,21
2014,9,7,23,20
2014,9,8,27,20
2014,9,9,22,19
2014,9,10,22,21
2014,9,11,22,19
2014,9,12,24,17
2014,9,13,19,16
2014,9,14,19,15
2014,9,15,19,15
2014,9,16,17,15
2014,9,17,22,16
2014,9,18,24,15
2014,9,19,26,16
2014,9,20,30,17
2014,9,21,28,18
2014,9,22,28,18
2014,9,23,22,14
2014,9,24,25,15
2014,9,25,26,17
2014,9,26,24,16
2014,9,27,22,17
2014,9,28,19,16
2014,9,29,23,16
2014,9,30,27,17
2014,10,1,23,16
2014,10,2,28,16
2014,10,3,26,15
2014,10,4,23,12
2014,10,5,26,14
2014,10,6,26,14
2014,10,7,24,15
2014,10,8,24,16
2014,10,9,24,15
2014,10,10,23,14
2014,10,11,17,11
2014,10,12,12,8
2014,10,13,16,9
2014,10,14,20,10
2014,10,15,21,13
2014,10,16,19,13
2014,10,17,21,13
2014,10,18,20,10
2014,10,19,20,13
2014,10,20,20,10
2014,10,21,24,11
2014,10,22,23,11
2014,10,23,21,10
2014,10,24,25,12
2014,10,25,25,11
2014,10,26,27,12
2014,10,27,21,11
2014,10,28,15,11
2014,10,29,14,11
2014,10,30,17,11
2014,10,31,16,9
2014,11,1,14,6
2014,11,2,16,3
2014,11,3,17,6
2014,11,4,20,8
2014,11,5,19,6
2014,11,6,18,8
2014,11,7,15,8
2014,11,8,14,8
2014,11,9,12,7
2014,11,10,12,7
2014,11,11,14,6
2014,11,12,12,3
2014,11,13,13,3
2014,11,14,12,4
2014,11,15,14,3
2014,11,16,13,2
2014,11,17,12,3
2014,11,18,13,4
2014,11,19,15,3
2014,11,20,13,4
2014,11,21,12,5
2014,11,22,10,5
2014,11,23,6,4
2014,11,24,9,5
2014,11,25,11,3
2014,11,26,10,4
2014,11,27,7,2
2014,11,28,10,3
2014,11,29,8,4
2014,11,30,6,-1
2014,12,1,5,-2
2014,12,2,5,-2
2014,12,3,7,-3
2014,12,4,4,-3
2014,12,5,5,-2
2014,12,6,5,-2
2014,12,7,8,-2
2014,12,8,7,1
2014,12,9,3,1
2014,12,10,5,-2
2014,12,11,5,-2
2014,12,12,7,-3
2014,12,13,8,-3
2014,12,14,8,-2
2014,12,15,4,-6
2014,12,16,5,-3
2014,12,17,6,-4
2014,12,18,8,-3
2014,12,19,7,-3
2014,12,20,4,-3
2014,12,21,6,-4
2014,12,22,5,-3
2014,12,23,8,-3
2014,12,24,7,-3
2014,12,25,5,-2
2014,12,26,4,-2
2014,12,27,7,-2
2014,12,28,13,0
2014,12,29,13,-1
2014,12,30,12,-2
2014,12,31,5,-4
2015,1,1,4,-4
2015,1,2,5,-3
2015,1,3,7,-2
2015,1,4,6,0
2015,1,5,7,1
2015,1,6,5,-1
2015,1,7,6,-2
2015,1,8,8,-1
2015,1,9,8,-2
2015,1,10,8,-2
2015,1,11,8,-2
2015,1,12,8,-1
2015,1,13,6,0
2015,1,14,7,-2
2015,1,15,7,-2
2015,1,16,7,-2
2015,1,17,5,-2
2015,1,18,10,-2
2015,1,19,10,-1
2015,1,20,9,0
2015,1,21,8,-2
2015,1,22,10,-2
2015,1,23,7,-1
2015,1,24,5,0
2015,1,25,7,-2
2015,1,26,4,0
2015,1,27,3,-1
2015,1,28,1,-4
2015,1,29,2,-4
2015,1,30,2,-4
2015,1,31,2,-4
2015,2,1,3,-4
2015,2,2,4,-4
2015,2,3,7,-3
2015,2,4,7,-2
2015,2,5,7,-3
2015,2,6,8,-3
2015,2,7,10,-2
2015,2,8,8,-2
2015,2,9,9,-2
2015,2,10,12,-1
2015,2,11,16,2
2015,2,12,15,3
2015,2,13,18,2
2015,2,14,13,5
2015,2,15,15,3
2015,2,16,14,2
2015,2,17,14,2
2015,2,18,10,4
2015,2,19,7,3
2015,2,20,8,0
2015,2,21,12,1
2015,2,22,9,0
2015,2,23,9,0
2015,2,24,12,1
2015,2,25,12,2
2015,2,26,10,3
2015,2,27,6,3
2015,2,28,8,-1
2015,3,1,11,0
2015,3,2,14,2
2015,3,3,9,0
2015,3,4,8,0
2015,3,5,8,0
2015,3,6,11,0
2015,3,7,12,2
2015,3,8,18,4
2015,3,9,11,4
2015,3,10,9,4
2015,3,11,14,3
2015,3,12,21,6
2015,3,13,20,8
2015,3,14,19,9
2015,3,15,18,8
2015,3,16,17,10
2015,3,17,16,9
2015,3,18,13,7
2015,3,19,14,8
2015,3,20,19,6
2015,3,21,21,8
2015,3,22,18,8
2015,3,23,14,8
2015,3,24,12,5
2015,3,25,9,6
2015,3,26,12,6
2015,3,27,17,6
2015,3,28,20,8
2015,3,29,18,10
2015,3,30,22,14
2015,3,31,23,13
2015,4,1,18,12
2015,4,2,21,11
2015,4,3,19,11
2015,4,4,15,11
2015,4,5,13,8
2015,4,6,12,5
2015,4,7,15,7
2015,4,8,17,8
2015,4,9,21,9
2015,4,10,25,11
2015,4,11,24,7
2015,4,12,12,7
2015,4,13,17,5
2015,4,14,21,8
2015,4,15,29,15
2015,4,16,24,12
2015,4,17,19,14
2015,4,18,17,12
2015,4,19,19,10
2015,4,20,21,12
2015,4,21,26,11
2015,4,22,24,11
2015,4,23,26,13
2015,4,24,27,13
2015,4,25,27,14
2015,4,26,29,15
2015,4,27,31,16
2015,4,28,34,16
2015,4,29,31,18
2015,4,30,29,19
2015,5,1,22,14
2015,5,2,23,13
2015,5,3,23,15
2015,5,4,25,15
2015,5,5,26,17
2015,5,6,28,17
2015,5,7,26,14
2015,5,8,26,16
2015,5,9,26,18
2015,5,10,20,13
2015,5,11,24,12
2015,5,12,28,16
2015,5,13,32,19
2015,5,14,29,19
2015,5,15,30,18
2015,5,16,29,21
2015,5,17,31,19
2015,5,18,32,20
2015,5,19,33,20
2015,5,20,27,19
2015,5,21,22,15
2015,5,22,26,15
2015,5,23,30,17
2015,5,24,30,17
2015,5,25,29,19
2015,5,26,29,20
2015,5,27,32,22
2015,5,28,29,17
2015,5,29,26,19
2015,5,30,32,20
2015,5,31,31,21
2015,6,1,24,22
2015,6,2,28,21
2015,6,3,26,18
2015,6,4,27,18
2015,6,5,34,21
2015,6,6,34,21
2015,6,7,32,20
2015,6,8,32,20
2015,6,9,36,23
2015,6,10,31,20
2015,6,11,32,20
2015,6,12,34,20
2015,6,13,33,20
2015,6,14,32,22
2015,6,15,24,20
2015,6,16,29,19
2015,6,17,32,21
2015,6,18,34,22
2015,6,19,36,22
2015,6,20,29,21
2015,6,21,35,22
2015,6,22,36,22
2015,6,23,28,21
2015,6,24,21,20
2015,6,25,29,22
2015,6,26,29,21
2015,6,27,27,21
2015,6,28,29,21
2015,6,29,28,22
2015,6,30,30,23
2015,7,1,34,23
2015,7,2,33,22
2015,7,3,31,20
2015,7,4,30,21
2015,7,5,31,22
2015,7,6,33,20
2015,7,7,33,22
2015,7,8,34,21
2015,7,9,32,22
2015,7,10,34,23
2015,7,11,35,23
2015,7,12,35,26
2015,7,13,36,24
2015,7,14,34,22
2015,7,15,33,22
2015,7,16,32,21
2015,7,17,29,22
2015,7,18,36,23
2015,7,19,32,22
2015,7,20,35,23
2015,7,21,34,25
2015,7,22,34,23
2015,7,23,34,23
2015,7,24,36,24
2015,7,25,36,24
2015,7,26,38,26
2015,7,27,37,26
2015,7,28,38,26
2015,7,29,38,26
2015,7,30,39,26
2015,7,31,39,28
2015,8,1,38,27
2015,8,2,39,28
2015,8,3,35,22
2015,8,4,24,20
2015,8,5,31,21
2015,8,6,35,21
2015,8,7,32,24
2015,8,8,30,23
2015,8,9,30,22
2015,8,10,31,22
2015,8,11,31,23
2015,8,12,28,23
2015,8,13,30,22
2015,8,14,28,20
2015,8,15,32,22
2015,8,16,32,22
2015,8,17,28,22
2015,8,18,23,20
2015,8,19,29,21
2015,8,20,30,19
2015,8,21,32,19
2015,8,22,34,20
2015,8,23,32,19
2015,8,24,33,18
2015,8,25,32,20
2015,8,26,33,20
2015,8,27,33,19
2015,8,28,34,20
2015,8,29,33,20
2015,8,30,34,22
2015,8,31,30,20
2015,9,1,32,20
2015,9,2,30,22
2015,9,3,26,20
2015,9,4,26,21
2015,9,5,32,20
2015,9,6,31,19
2015,9,7,30,22
2015,9,8,26,20
2015,9,9,22,18
2015,9,10,21,18
2015,9,11,26,16
2015,9,12,25,15
2015,9,13,24,15
2015,9,14,28,16
2015,9,15,27,19
2015,9,16,26,19
2015,9,17,24,17
2015,9,18,27,17
2015,9,19,28,17
2015,9,20,29,18
2015,9,21,28,19
2015,9,22,22,14
2015,9,23,25,16
2015,9,24,20,15
2015,9,25,25,16
2015,9,26,27,18
2015,9,27,25,18
2015,9,28,25,17
2015,9,29,22,17
2015,9,30,22,11
2015,10,1,21,10
2015,10,2,20,11
2015,10,3,22,11
2015,10,4,22,13
2015,10,5,23,14
2015,10,6,18,14
2015,10,7,24,13
2015,10,8,18,10
2015,10,9,23,10
2015,10,10,23,9
2015,10,11,22,9
2015,10,12,22,10
2015,10,13,23,13
2015,10,14,24,14
2015,10,15,25,14
2015,10,16,25,15
2015,10,17,26,15
2015,10,18,24,15
2015,10,19,25,14
2015,10,20,25,14
2015,10,21,24,15
2015,10,22,23,14
2015,10,23,19,14
2015,10,24,15,13
2015,10,25,14,11
2015,10,26,15,6
2015,10,27,15,10
2015,10,28,15,9
2015,10,29,18,8
2015,10,30,12,8
2015,10,31,11,4
2015,11,1,14,3
2015,11,2,15,5
2015,11,3,16,8
2015,11,4,14,11
2015,11,5,16,11
2015,11,6,11,10
2015,11,7,8,6
2015,11,8,16,4
2015,11,9,14,6
2015,11,10,12,8
2015,11,11,10,7
2015,11,12,10,6
2015,11,13,12,4
2015,11,14,12,7
2015,11,15,14,8
2015,11,16,13,7
2015,11,17,10,8
2015,11,18,10,5
2015,11,19,11,7
2015,11,20,13,5
2015,11,21,9,7
2015,11,22,10,7
2015,11,23,7,2
2015,11,24,5,-1
2015,11,25,12,-1
2015,11,26,9,-2
2015,11,27,11,1
2015,11,28,14,1
2015,11,29,14,0
2015,11,30,11,2
2015,12,1,13,3
2015,12,2,11,1
2015,12,3,9,0
2015,12,4,7,-1
2015,12,5,6,1
2015,12,6,10,-2
2015,12,7,10,3
2015,12,8,8,2
2015,12,9,6,2
2015,12,10,7,2
2015,12,11,7,1
2015,12,12,5,1
2015,12,13,7,0
2015,12,14,8,-2
2015,12,15,8,-3
2015,12,16,4,-5
2015,12,17,4,-5
2015,12,18,5,-3
2015,12,19,5,-3
2015,12,20,6,-3
2015,12,21,6,-2
2015,12,22,7,-2
2015,12,23,5,-1
2015,12,24,8,-2
2015,12,25,12,-1
2015,12,26,14,0
2015,12,27,10,-3
2015,12,28,5,-3
2015,12,29,8,-2
2015,12,30,10,-4
2015,12,31,9,-1
2016,1,1,12,-1
2016,1,2,12,-1
2016,1,3,10,0
2016,1,4,10,1
2016,1,5,4,-1
2016,1,6,4,-2
2016,1,7,4,-2
2016,1,8,3,-3
2016,1,9,4,-2
2016,1,10,6,-2
2016,1,11,4,0
2016,1,12,2,-3
2016,1,13,4,-3
2016,1,14,6,-4
2016,1,15,8,-3
2016,1,16,8,-4
2016,1,17,7,-2
2016,1,18,4,-5
2016,1,19,3,-3
2016,1,20,2,-4
2016,1,21,4,-2
2016,1,22,2,-7
2016,1,23,1,-12
2016,1,24,-2,-10
2016,1,25,2,-9
2016,1,26,2,-8
2016,1,27,2,-4
2016,1,28,5,-4
2016,1,29,6,-3
2016,1,30,4,-2
2016,1,31,2,-5
2016,2,1,1,-6
2016,2,2,4,-5
2016,2,3,6,-3
2016,2,4,9,-1
2016,2,5,9,-3
2016,2,6,7,-2
2016,2,7,13,-2
2016,2,8,13,-1
2016,2,9,14,2
2016,2,10,11,4
2016,2,11,14,4
2016,2,12,8,2
2016,2,13,6,-3
2016,2,14,3,-4
2016,2,15,5,-4
2016,2,16,8,-4
2016,2,17,10,-1
2016,2,18,11,1
2016,2,19,12,-1
2016,2,20,8,-3
2016,2,21,4,0
2016,2,22,10,0
2016,2,23,10,1
2016,2,24,10,0
2016,2,25,15,1
2016,2,26,15,4
2016,2,27,18,5
2016,2,28,17,3
2016,2,29,12,2
2016,3,1,12,3
2016,3,2,20,5
2016,3,3,20,6
2016,3,4,18,5
2016,3,5,14,4
2016,3,6,16,8
2016,3,7,11,6
2016,3,8,10,4
2016,3,9,4,0
2016,3,10,7,-1
2016,3,11,11,2
2016,3,12,13,6
2016,3,13,16,3
2016,3,14,14,7
2016,3,15,14,8
2016,3,16,15,8
2016,3,17,16,7
2016,3,18,20,9
2016,3,19,20,12
2016,3,20,16,12
2016,3,21,15,10
2016,3,22,14,10
2016,3,23,13,8
2016,3,24,15,7
2016,3,25,14,5
2016,3,26,17,3
2016,3,27,20,6
2016,3,28,22,10
2016,3,29,23,10
2016,3,30,25,11
2016,3,31,26,11
2016,4,1,26,15
2016,4,2,27,14
2016,4,3,18,11
2016,4,4,14,11
2016,4,5,17,12
2016,4,6,18,11
2016,4,7,21,13
2016,4,8,21,11
2016,4,9,23,13
2016,4,10,27,14
2016,4,11,23,15
2016,4,12,25,15
2016,4,13,25,13
2016,4,14,23,14
2016,4,15,19,12
2016,4,16,21,9
2016,4,17,24,9
2016,4,18,26,12
2016,4,19,26,13
2016,4,20,28,13
2016,4,21,28,13
2016,4,22,28,14
2016,4,23,22,15
2016,4,24,24,14
2016,4,25,24,15
2016,4,26,25,16
2016,4,27,29,15
2016,4,28,29,14
2016,4,29,30,15
2016,4,30,30,18
2016,5,1,30,20
2016,5,2,27,13
2016,5,3,26,16
2016,5,4,32,20
2016,5,5,28,20
2016,5,6,25,17
2016,5,7,22,11
2016,5,8,21,14
2016,5,9,27,18
2016,5,10,32,18
2016,5,11,34,21
2016,5,12,24,16
2016,5,13,21,13
2016,5,14,13,10
2016,5,15,24,12
2016,5,16,26,15
2016,5,17,27,18
2016,5,18,28,19
2016,5,19,26,18
2016,5,20,26,18
2016,5,21,26,19
2016,5,22,24,16
2016,5,23,24,15
2016,5,24,29,16
2016,5,25,21,13
2016,5,26,18,13
2016,5,27,17,13
2016,5,28,25,15
2016,5,29,28,18
2016,5,30,29,21
2016,5,31,26,22
2016,6,1,24,17
2016,6,2,19,14
2016,6,3,28,18
2016,6,4,31,21
2016,6,5,33,21
2016,6,6,31,22
2016,6,7,31,20
2016,6,8,31,21
2016,6,9,32,22
2016,6,10,35,23
2016,6,11,34,22
2016,6,12,32,21
2016,6,13,36,22
2016,6,14,31,20
2016,6,15,31,20
2016,6,16,34,22
2016,6,17,37,24
2016,6,18,37,26
2016,6,19,36,26
2016,6,20,36,27
2016,6,21,34,26
2016,6,22,35,24
2016,6,23,27,20
2016,6,24,28,21
2016,6,25,32,21
2016,6,26,31,21
2016,6,27,33,23
2016,6,28,35,25
2016,6,29,37,25
2016,6,30,28,24
2016,7,1,36,24
2016,7,2,36,24
2016,7,3,36,23
2016,7,4,36,24
2016,7,5,35,24
2016,7,6,33,25
2016,7,7,31,25
2016,7,8,34,28
2016,7,9,36,27
2016,7,10,33,25
2016,7,11,32,25
2016,7,12,30,23
2016,7,13,30,21
2016,7,14,24,18
2016,7,15,33,22
2016,7,16,36,23
2016,7,17,35,24
2016,7,18,31,23
2016,7,19,30,22
2016,7,20,33,24
2016,7,21,35,25
2016,7,22,34,24
2016,7,23,34,26
2016,7,24,36,25
2016,7,25,30,23
2016,7,26,30,24
2016,7,27,35,24
2016,7,28,37,25
2016,7,29,36,26
2016,7,30,34,26
2016,7,31,34,24
2016,8,1,36,26
2016,8,2,34,25
2016,8,3,33,25
2016,8,4,30,22
2016,8,5,32,24
2016,8,6,30,23
2016,8,7,30,24
2016,8,8,31,24
2016,8,9,31,24
2016,8,10,34,24
2016,8,11,34,25
2016,8,12,35,26
2016,8,13,37,28
2016,8,14,37,28
2016,8,15,38,29
2016,8,16,37,26
2016,8,17,38,27
2016,8,18,38,28
2016,8,19,37,27
2016,8,20,35,26
2016,8,21,36,26
2016,8,22,35,25
2016,8,23,35,26
2016,8,24,35,25
2016,8,25,27,20
2016,8,26,24,21
2016,8,27,27,18
2016,8,28,31,19
2016,8,29,29,20
2016,8,30,28,20
2016,8,31,31,20
2016,9,1,33,20
2016,9,2,33,21
2016,9,3,30,21
2016,9,4,31,22
2016,9,5,29,22
2016,9,6,26,16
2016,9,7,31,17
2016,9,8,32,20
2016,9,9,28,19
2016,9,10,32,17
2016,9,11,31,19
2016,9,12,26,18
2016,9,13,27,19
2016,9,14,26,19
2016,9,15,28,19
2016,9,16,29,20
2016,9,17,29,21
2016,9,18,22,19
2016,9,19,20,17
2016,9,20,24,16
2016,9,21,27,15
2016,9,22,28,16
2016,9,23,27,19
2016,9,24,25,17
2016,9,25,25,19
2016,9,26,24,18
2016,9,27,23,16
2016,9,28,24,15
2016,9,29,21,15
2016,9,30,25,16
2016,10,1,27,16
2016,10,2,30,17
2016,10,3,30,17
2016,10,4,23,15
2016,10,5,23,14
2016,10,6,18,15
2016,10,7,17,12
2016,10,8,21,13
2016,10,9,18,12
2016,10,10,19,12
2016,10,11,18,13
2016,10,12,18,12
2016,10,13,19,13
2016,10,14,19,12
2016,10,15,18,12
2016,10,16,23,12
2016,10,17,23,12
2016,10,18,24,12
2016,10,19,24,14
2016,10,20,24,16
2016,10,21,20,15
2016,10,22,16,12
2016,10,23,16,10
2016,10,24,14,8
2016,10,25,15,10
2016,10,26,13,9
2016,10,27,11,8
2016,10,28,11,8
2016,10,29,12,7
2016,10,30,13,8
2016,10,31,16,10
2016,11,1,12,6
2016,11,2,18,6
2016,11,3,19,9
2016,11,4,20,8
2016,11,5,19,10
2016,11,6,13,8
2016,11,7,13,9
2016,11,8,14,7
2016,11,9,14,4
2016,11,10,14,4
2016,11,11,17,7
2016,11,12,19,7
2016,11,13,17,8
2016,11,14,17,6
2016,11,15,15,8
2016,11,16,15,8
2016,11,17,13,6
2016,11,18,17,6
2016,11,19,15,4
2016,11,20,13,6
2016,11,21,9,2
2016,11,22,3,-2
2016,11,23,2,-3
2016,11,24,3,-1
2016,11,25,6,0
2016,11,26,12,1
2016,11,27,13,0
2016,11,28,9,2
2016,11,29,11,1
2016,11,30,15,1
2016,12,1,13,1
2016,12,2,10,2
2016,12,3,13,0
2016,12,4,17,2
2016,12,5,14,0
2016,12,6,11,1
2016,12,7,12,2
2016,12,8,14,1
2016,12,9,9,1
2016,12,10,8,2
2016,12,11,8,2
2016,12,12,9,2
2016,12,13,10,1
2016,12,14,10,0
2016,12,15,10,-1
2016,12,16,10,-1
2016,12,17,11,0
2016,12,18,10,2
2016,12,19,10,2
2016,12,20,6,2
2016,12,21,8,-1
2016,12,22,11,-1
2016,12,23,9,0
2016,12,24,7,1
2016,12,25,5,-1
2016,12,26,7,-2
2016,12,27,7,-3
2016,12,28,5,-4
2016,12,29,6,-2
2016,12,30,6,-2
2016,12,31,8,-1
2017,1,1,8,0
2017,1,2,8,2
2017,1,3,8,0
2017,1,4,10,4
2017,1,5,6,4
2017,1,6,5,2
2017,1,7,6,-1
2017,1,8,6,-2
2017,1,9,6,1
2017,1,10,4,-1
2017,1,11,7,-2
2017,1,12,8,-2
2017,1,13,8,-2
2017,1,14,8,-2
2017,1,15,5,-1
2017,1,16,5,-2
2017,1,17,6,-1
2017,1,18,6,-3
2017,1,19,4,-5
2017,1,20,4,-3
2017,1,21,7,-1
2017,1,22,8,-1
2017,1,23,8,-2
2017,1,24,7,-1
2017,1,25,9,1
2017,1,26,7,-2
2017,1,27,8,0
2017,1,28,7,0
2017,1,29,5,-4
2017,1,30,4,-3
2017,1,31,4,-2
2017,2,1,6,-1
2017,2,2,6,0
2017,2,3,8,-1
2017,2,4,10,1
2017,2,5,11,2
2017,2,6,7,2
2017,2,7,3,-1
2017,2,8,5,-3
2017,2,9,6,-4
2017,2,10,7,-2
2017,2,11,10,-1
2017,2,12,12,0
2017,2,13,13,2
2017,2,14,13,3
2017,2,15,15,3
2017,2,16,16,3
2017,2,17,14,3
2017,2,18,17,5
2017,2,19,18,3
2017,2,20,11,1
2017,2,21,3,-2
2017,2,22,8,1
2017,2,23,8,0
2017,2,24,11,0
2017,2,25,12,1
2017,2,26,13,1
2017,2,27,15,4
2017,2,28,14,2
2017,3,1,12,0
2017,3,2,14,3
2017,3,3,16,3
2017,3,4,16,4
2017,3,5,14,4
2017,3,6,15,2
2017,3,7,16,2
2017,3,8,14,2
2017,3,9,15,4
2017,3,10,14,6
2017,3,11,14,7
2017,3,12,9,4
2017,3,13,4,2
2017,3,14,11,4
2017,3,15,9,3
2017,3,16,12,4
2017,3,17,12,4
2017,3,18,13,7
2017,3,19,12,5
2017,3,20,18,6
2017,3,21,16,7
2017,3,22,16,6
2017,3,23,12,6
2017,3,24,17,3
2017,3,25,16,3
2017,3,26,18,3
2017,3,27,20,8
2017,3,28,21,8
2017,3,29,18,10
2017,3,30,15,8
2017,3,31,21,5
2017,4,1,20,8
2017,4,2,20,11
2017,4,3,18,10
2017,4,4,20,11
2017,4,5,22,12
2017,4,6,23,13
2017,4,7,22,14
2017,4,8,19,12
2017,4,9,13,8
2017,4,10,14,8
2017,4,11,21,9
2017,4,12,24,10
2017,4,13,26,12
2017,4,14,27,11
2017,4,15,24,12
2017,4,16,19,10
2017,4,17,28,14
2017,4,18,30,14
2017,4,19,20,8
2017,4,20,23,11
2017,4,21,21,9
2017,4,22,22,10
2017,4,23,28,12
2017,4,24,28,15
2017,4,25,22,11
2017,4,26,22,12
2017,4,27,23,10
2017,4,28,28,13
2017,4,29,30,15
2017,4,30,30,17
2017,5,1,30,18
2017,5,2,27,16
2017,5,3,16,10
2017,5,4,24,14
2017,5,5,21,12
2017,5,6,23,13
2017,5,7,22,13
2017,5,8,28,14
2017,5,9,30,15
2017,5,10,28,17
2017,5,11,34,16
2017,5,12,32,17
2017,5,13,33,18
2017,5,14,26,13
2017,5,15,24,13
2017,5,16,30,15
2017,5,17,33,20
2017,5,18,30,19
2017,5,19,32,18
2017,5,20,31,20
2017,5,21,30,21
2017,5,22,24,15
2017,5,23,25,15
2017,5,24,28,16
2017,5,25,30,16
2017,5,26,33,19
2017,5,27,35,20
2017,5,28,36,22
2017,5,29,29,20
2017,5,30,33,20
2017,5,31,34,22
2017,6,1,36,22
2017,6,2,35,23
2017,6,3,28,20
2017,6,4,17,15
2017,6,5,20,15
2017,6,6,31,18
2017,6,7,31,20
2017,6,8,27,19
2017,6,9,27,18
2017,6,10,31,19
2017,6,11,32,21
2017,6,12,31,20
2017,6,13,32,20
2017,6,14,30,21
2017,6,15,30,20
2017,6,16,33,21
2017,6,17,33,22
2017,6,18,33,22
2017,6,19,34,24
2017,6,20,33,23
2017,6,21,34,21
2017,6,22,36,24
2017,6,23,36,23
2017,6,24,34,21
2017,6,25,33,18
2017,6,26,35,24
2017,6,27,37,23
2017,6,28,37,25
2017,6,29,35,23
2017,6,30,35,23
2017,7,1,36,24
2017,7,2,37,25
2017,7,3,37,25
2017,7,4,38,26
2017,7,5,29,23
2017,7,6,26,20
2017,7,7,35,21
2017,7,8,37,24
2017,7,9,39,24
2017,7,10,42,24
2017,7,11,40,26
2017,7,12,41,26
2017,7,13,40,25
2017,7,14,38,25
2017,7,15,38,26
2017,7,16,34,24
2017,7,17,37,27
2017,7,18,36,25
2017,7,19,40,27
2017,7,20,40,28
2017,7,21,41,27
2017,7,22,40,29
2017,7,23,40,28
2017,7,24,41,28
2017,7,25,40,29
2017,7,26,40,27
2017,7,27,40,27
2017,7,28,31,23
2017,7,29,26,21
2017,7,30,32,21
2017,7,31,34,23
2017,8,1,34,23
2017,8,2,35,24
2017,8,3,39,26
2017,8,4,38,25
2017,8,5,40,26
2017,8,6,36,25
2017,8,7,26,20
2017,8,8,33,20
2017,8,9,36,20
2017,8,10,36,24
2017,8,11,35,23
2017,8,12,36,24
2017,8,13,34,24
2017,8,14,32,22
2017,8,15,36,22
2017,8,16,37,25
2017,8,17,37,25
2017,8,18,34,24
2017,8,19,30,23
2017,8,20,30,23
2017,8,21,30,23
2017,8,22,31,22
2017,8,23,29,18
2017,8,24,31,19
2017,8,25,29,20
2017,8,26,27,22
2017,8,27,31,22
2017,8,28,26,18
2017,8,29,20,16
2017,8,30,18,16
2017,8,31,25,16
2017,9,1,24,19
2017,9,2,26,19
2017,9,3,22,18
2017,9,4,21,18
2017,9,5,21,16
2017,9,6,28,14
2017,9,7,29,19
2017,9,8,26,18
2017,9,9,22,18
2017,9,10,27,16
2017,9,11,29,17
2017,9,12,30,18
2017,9,13,30,18
2017,9,14,26,18
2017,9,15,26,18
2017,9,16,24,18
2017,9,17,28,17
2017,9,18,29,18
2017,9,19,29,16
2017,9,20,30,15
2017,9,21,31,17
2017,9,22,27,18
2017,9,23,27,18
2017,9,24,26,19
2017,9,25,21,18
2017,9,26,20,16
2017,9,27,19,13
2017,9,28,26,16
2017,9,29,24,16
2017,9,30,22,15
2017,10,1,22,16
2017,10,2,21,15
2017,10,3,16,12
2017,10,4,14,12
2017,10,5,19,11
2017,10,6,20,14
2017,10,7,21,15
2017,10,8,21,14
2017,10,9,16,11
2017,10,10,12,8
2017,10,11,10,8
2017,10,12,18,8
2017,10,13,16,10
2017,10,14,14,11
2017,10,15,13,10
2017,10,16,13,11
2017,10,17,17,12
2017,10,18,18,9
2017,10,19,20,9
2017,10,20,20,11
2017,10,21,19,13
2017,10,22,20,11
2017,10,23,20,12
2017,10,24,19,13
2017,10,25,16,10
2017,10,26,21,6
2017,10,27,21,10
2017,10,28,17,7
2017,10,29,15,8
2017,10,30,13,9
2017,10,31,14,10
2017,11,1,19,8
2017,11,2,23,7
2017,11,3,21,8
2017,11,4,19,8
2017,11,5,19,9
2017,11,6,19,10
2017,11,7,19,9
2017,11,8,21,10
2017,11,9,16,8
2017,11,10,13,6
2017,11,11,12,4
2017,11,12,14,3
2017,11,13,14,0
2017,11,14,12,1
2017,11,15,12,2
2017,11,16,14,7
2017,11,17,13,1
2017,11,18,8,1
2017,11,19,7,-2
2017,11,20,10,0
2017,11,21,11,0
2017,11,22,16,8
2017,11,23,16,8
2017,11,24,16,8
2017,11,25,16,8
2017,11,26,16,8
2017,11,27,11,1
2017,11,28,13,2
2017,11,29,9,-1
2017,11,30,9,-2
2017,12,1,9,-3
2017,12,2,12,0
2017,12,3,13,-2
2017,12,4,9,-4
2017,12,5,8,-3
2017,12,6,10,-3
2017,12,7,9,-5
2017,12,8,7,-5
2017,12,9,10,-4
2017,12,10,9,-4
2017,12,11,9,-2
2017,12,12,9,-2
2017,12,13,6,-3
2017,12,14,6,-2
2017,12,15,8,-5
2017,12,16,4,-7
2017,12,17,6,-4
2017,12,18,8,-6
2017,12,19,9,-4
2017,12,20,10,-6
2017,12,21,10,-3
2017,12,22,12,-2
2017,12,23,11,-3
2017,12,24,9,-6
2017,12,25,8,-2
2017,12,26,11,-3
2017,12,27,11,-3
2017,12,28,11,-1
2017,12,29,9,-2
2017,12,30,9,-6
2017,12,31,9,-3
2018,1,1,9,-1
2018,1,1,9,-1
2018,1,2,6,-2
2018,1,3,2,-6
2018,1,4,-1,-9
2018,1,5,-2,-8
2018,1,6,-2,-8
2018,1,7,-1,-11
2018,1,8,-1,-13
2018,1,9,-1,-12
2018,1,10,3,-11
2018,1,11,2,-12
2018,1,12,1,-9
2018,1,14,6,-6
2018,1,15,6,-3
2018,1,16,7,-4
2018,1,17,7,-5
2018,1,18,6,-3
2018,1,19,9,-3
2018,1,20,9,-2
2018,1,21,11,-2
2018,1,22,11,-2
2018,1,23,4,-3
2018,1,24,1,-6
2018,1,25,0,-9
2018,1,26,1,-7
2018,1,27,-2,-8
2018,1,28,0,-9
2018,1,29,-1,-10
2018,1,30,0,-10
2018,1,31,2,-10
2018,2,1,4,-7
2018,2,2,-1,-10
2018,2,3,1,-9
2018,2,4,3,-8
2018,2,5,5,-7
2018,2,6,7,-4
2018,2,7,6,-5
2018,2,8,9,-3
2018,2,9,8,-3
2018,2,10,5,-5
2018,2,11,6,-5
2018,2,12,9,-4
2018,2,13,14,-1
2018,2,14,14,0
2018,2,15,10,-2
2018,2,16,5,1
2018,2,17,7,1
2018,2,18,11,1
2018,2,19,13,2
2018,2,20,8,-1
2018,2,21,9,-2
2018,2,22,16,-1
2018,2,23,16,2
2018,2,24,14,0
2018,2,25,18,1
2018,2,26,19,6
2018,2,27,18,3
2018,2,28,22,7
2018,3,1,16,2
2018,3,2,19,4
2018,3,3,23,10
2018,3,4,12,2
2018,3,5,15,4
2018,3,6,9,2
2018,3,7,13,0
2018,3,8,16,1
2018,3,9,19,3
2018,3,10,18,6
2018,3,11,22,6
2018,3,12,24,7
2018,3,13,25,8
2018,3,14,26,8
2018,3,15,26,6
2018,3,16,17,5
2018,3,17,6,3
2018,3,18,13,6
2018,3,19,15,5
2018,3,20,16,3
2018,3,21,21,6
2018,3,22,22,7
2018,3,23,23,9
2018,3,24,22,8
2018,3,25,23,9
2018,3,26,26,11
2018,3,27,29,12
2018,3,28,30,13
2018,3,29,29,13
2018,3,30,26,13
2018,3,31,27,14
2018,4,1,28,11
2018,4,2,32,13
2018,4,3,32,10
2018,4,4,24,8
2018,4,5,18,6
2018,4,6,16,2
2018,4,7,19,6
2018,4,8,27,10
2018,4,9,28,11
2018,4,10,24,11
2018,4,11,23,11
2018,4,12,16,11
2018,4,13,12,9
2018,4,14,18,6
2018,4,15,21,7
2018,4,16,25,10
2018,4,17,28,12
2018,4,18,32,16
2018,4,19,35,18
2018,4,20,27,14
2018,4,21,29,17
2018,4,22,26,14
2018,4,23,22,15
2018,4,24,18,13
2018,4,25,19,10
2018,4,26,28,12
2018,4,27,30,16
2018,4,28,28,14
2018,4,29,31,16
2018,4,30,30,16
2018,5,1,28,14
2018,5,2,28,13
2018,5,3,31,17
2018,5,4,32,18
2018,5,5,28,17
2018,5,6,28,17
2018,5,7,28,17
2018,5,8,28,17
2018,5,9,28,17
2018,5,10,28,17
2018,5,11,28,17
2018,5,12,28,17
2018,5,13,28,17
2018,5,14,28,17
2018,5,15,28,17
2018,5,16,28,17
2018,5,17,28,17
2018,5,18,28,17
2018,5,19,28,17
2018,5,20,28,17
2018,5,21,28,17
2018,5,22,28,17
2018,5,23,28,17
2018,5,24,25,15
2018,5,25,30,19
2018,5,26,24,13
2018,5,27,28,16
2018,5,28,28,17
2018,5,29,28,17
2018,5,30,28,17
2018,5,31,33,18
2018,6,1,29,19
2018,6,2,31,17
2018,6,3,32,19
2018,6,4,30,14
2018,6,5,36,18
2018,6,6,38,22
2018,6,7,33,19
2018,6,8,22,13
2018,6,9,30,15
2018,6,10,34,16
2018,6,11,36,20
2018,6,12,34,20
2018,6,13,34,20
2018,6,14,34,20
2018,6,15,34,20
2018,6,16,28,22
2018,6,17,34,20
2018,6,18,34,20
2018,6,19,31,20
2018,6,20,34,20
2018,6,21,34,20
2018,6,22,34,20
2018,6,23,36,23
2018,6,24,35,24
2018,6,25,33,22
2018,6,26,30,23
2018,6,27,33,23
2018,6,28,35,23
2018,6,29,33,22
2018,6,30,34,23
2018,7,1,34,23
2018,7,2,31,21
2018,7,3,26,21
2018,7,4,31,21
2018,7,5,30,21
2018,7,6,31,21
2018,7,7,33,23
2018,7,8,30,22
2018,7,9,31,21
2018,7,10,31,21
2018,7,11,31,21
2018,7,12,31,21
2018,7,13,32,23
2018,7,14,33,25
2018,7,15,31,21
2018,7,16,31,21
2018,7,17,36,26
2018,7,18,31,21
2018,7,19,40,27
2018,7,20,31,21
2018,7,21,39,27
2018,7,22,40,27
2018,7,23,31,21
2018,7,24,39,26
2018,7,25,39,28
2018,7,26,31,21
2018,7,27,37,26
2018,7,28,37,26
2018,7,29,31,21
2018,7,30,35,24
2018,7,31,31,21
2018,8,1,31,21
2018,8,2,36,25
2018,8,3,31,21
2018,8,4,38,25
2018,8,5,39,26
2018,8,6,31,21
2018,8,7,39,26
2018,8,8,37,27
2018,8,9,31,21
2018,8,10,31,21
2018,8,11,37,24
2018,8,12,31,21
2018,8,13,37,25
2018,8,14,36,25
2018,8,15,31,21
2018,8,16,33,22
2018,8,17,32,23
2018,8,18,31,21
2018,8,19,35,23
2018,8,20,31,21
2018,8,21,35,24
2018,8,22,28,22
2018,8,23,31,20
2018,8,24,32,22
2018,8,25,31,21
2018,8,26,34,25
2018,8,27,34,22
2018,8,28,34,23
2018,8,29,35,24
2018,8,30,35,24
2018,8,31,35,25
2018,9,1,35,24
2018,9,2,31,23
2018,9,3,31,23
2018,9,4,31,19
2018,9,5,23,19
2018,9,6,27,17
2018,9,7,24,15
2018,9,8,26,15
2018,9,9,27,19
2018,9,10,28,18
2018,9,11,29,20
2018,9,12,29,20
2018,9,13,24,18
2018,9,14,21,19
2018,9,15,21,16
2018,9,16,20,14
2018,9,17,25,14
2018,9,18,20,16
2018,9,19,20,16
2018,9,20,23,13
2018,9,21,26,11
2018,9,22,26,14
2018,9,23,24,14
2018,9,24,25,16
2018,9,25,19,15
2018,9,26,20,14
2018,9,27,17,8
2018,9,28,25,10
2018,9,29,26,11
2018,9,30,23,11
2018,10,1,23,11
2018,10,2,23,9
2018,10,3,25,9
2018,10,4,25,11
2018,10,5,25,11
2018,10,6,21,11
2018,10,7,21,12
2018,10,8,19,9
2018,10,9,21,10
2018,10,10,21,7
2018,10,11,20,8
2018,10,12,22,13
2018,10,13,19,11
2018,10,14,18,10
2018,10,15,21,9
2018,10,16,22,10
2018,10,17,20,11
2018,10,18,22,12
2018,10,19,17,10
2018,10,20,16,10
2018,10,21,16,8
2018,10,22,20,7
2018,10,23,21,7
2018,10,24,20,12
2018,10,25,20,6
2018,10,26,19,5
2018,10,27,20,4
2018,10,28,21,5
2018,10,29,22,7
2018,10,30,23,5
2018,10,31,22,5
2018,11,1,22,6
2018,11,2,22,9
2018,11,3,18,8
2018,11,4,13,6
2018,11,5,10,6
2018,11,6,7,4
2018,11,7,8,0
2018,11,8,16,1
2018,11,9,16,4
2018,11,10,13,2
2018,11,11,15,2
2018,11,12,14,3
2018,11,13,14,3
2018,11,14,10,5
2018,11,15,10,5
2018,11,16,5,1
2018,11,17,7,1
2018,11,18,10,0
2018,11,19,12,0
2018,11,20,9,1
2018,11,21,9,-2
2018,11,22,12,0
2018,11,23,15,0
2018,11,24,14,3
2018,11,25,15,0
2018,11,26,15,0
2018,11,27,14,3
2018,11,28,14,0
2018,11,29,14,3
2018,11,30,11,3
2018,12,1,12,2
2018,12,2,11,3
2018,12,3,9,-1
2018,12,4,7,0
2018,12,5,5,-1
2018,12,6,6,-2
2018,12,7,2,-3
2018,12,8,0,-6
2018,12,9,2,-4
2018,12,10,2,-4
2018,12,11,2,-5
2018,12,12,3,-5
2018,12,13,4,-5
2018,12,14,4,-2
2018,12,15,8,-2
2018,12,16,11,-2
2018,12,17,9,-1
2018,12,18,10,-2
2018,12,19,9,-2
2018,12,20,8,-1
2018,12,21,8,0
2018,12,22,6,-3
2018,12,23,4,-2
2018,12,24,2,-2
2018,12,25,7,-1
2018,12,26,6,0
2018,12,27,1,-3
2018,12,28,-1,-6
2018,12,29,0,-7
2018,12,30,3,-6
2018,12,31,2,-6
2019,1,1,4,-6
2019,1,2,3,-7
2019,1,3,2,-5
2019,1,4,1,-5
2019,1,5,5,-6
2019,1,6,3,-3
2019,1,7,3,-5
2019,1,8,4,-4
2019,1,9,2,-5
2019,1,10,2,-5
2019,1,11,6,-5
2019,1,12,5,-4
2019,1,13,6,-4
2019,1,14,6,-4
2019,1,15,3,-6
2019,1,16,4,-6
2019,1,17,5,-4
2019,1,18,4,-3
2019,1,19,5,-4
2019,1,20,6,-4
2019,1,21,7,-5
2019,1,22,10,-5
2019,1,23,8,-4
2019,1,24,10,-4
2019,1,25,8,0
2019,1,26,5,-4
2019,1,27,5,-1
2019,1,28,5,-1
2019,1,29,2,-1
2019,1,30,4,-1
2019,1,31,6,-2
2019,2,1,7,-3
2019,2,2,8,-2
2019,2,3,9,-3
2019,2,4,11,-3
2019,2,5,10,-1
2019,2,6,12,2
2019,2,7,5,-1
2019,2,8,6,0
2019,2,9,1,-3
2019,2,10,2,-6
2019,2,11,5,-3
2019,2,12,9,-1
2019,2,13,6,-1
2019,2,14,4,-2
2019,2,15,6,-3
2019,2,16,5,-1
2019,2,17,3,-1
2019,2,18,4,-3
2019,2,19,7,0
2019,2,20,8,0
2019,2,21,5,-2
2019,2,22,10,-1
2019,2,23,11,0
2019,2,24,13,3
2019,2,25,15,3
2019,2,26,8,3
2019,2,27,9,1
2019,2,28,13,3
2019,3,1,10,2
2019,3,2,7,1
2019,3,3,15,3
2019,3,4,15,2
2019,3,5,15,2
2019,3,6,15,4
2019,3,7,12,4
2019,3,8,12,3
2019,3,9,17,2
2019,3,10,15,3
2019,3,11,16,1
2019,3,12,18,4
2019,3,13,12,2
2019,3,14,20,2
2019,3,15,19,6
2019,3,16,21,6
2019,3,17,20,7
2019,3,18,22,7
2019,3,19,23,10
2019,3,20,26,7
2019,3,21,15,6
2019,3,22,15,3
2019,3,23,19,4
2019,3,24,22,5
2019,3,25,26,8
2019,3,26,27,11
2019,3,27,26,10
2019,3,28,29,8
2019,3,29,23,9
2019,3,30,20,6
2019,3,31,19,5
2019,4,1,24,9
2019,4,2,21,11
2019,4,3,20,9
2019,4,4,25,11
2019,4,5,29,11
2019,4,6,31,11
2019,4,7,31,14
2019,4,8,27,14
2019,4,9,21,10
2019,4,10,20,8
2019,4,11,23,10
2019,4,12,16,8
2019,4,13,22,11
2019,4,14,22,10
2019,4,15,22,11
2019,4,16,29,9
2019,4,17,32,13
2019,4,18,34,18
2019,4,19,29,17
2019,4,20,18,11
2019,4,21,21,15
2019,4,22,26,15
2019,4,23,28,14
2019,4,24,31,14
2019,4,25,32,15
2019,4,26,25,15
2019,4,27,18,13
2019,4,28,14,9
2019,4,29,25,9
2019,4,30,25,11
